subject,acc_x_minimum,acc_x_maximum,acc_x_mean,acc_x_std_dev,acc_x_skewness,acc_x_kurtosis,acc_x_dominant_freq,acc_x_dominant_amplitude,acc_y_minimum,acc_y_maximum,acc_y_mean,acc_y_std_dev,acc_y_skewness,acc_y_kurtosis,acc_y_dominant_freq,acc_y_dominant_amplitude,acc_z_minimum,acc_z_maximum,acc_z_mean,acc_z_std_dev,acc_z_skewness,acc_z_kurtosis,acc_z_dominant_freq,acc_z_dominant_amplitude,gyr_x_minimum,gyr_x_maximum,gyr_x_mean,gyr_x_std_dev,gyr_x_skewness,gyr_x_kurtosis,gyr_x_dominant_freq,gyr_x_dominant_amplitude,gyr_y_minimum,gyr_y_maximum,gyr_y_mean,gyr_y_std_dev,gyr_y_skewness,gyr_y_kurtosis,gyr_y_dominant_freq,gyr_y_dominant_amplitude,gyr_z_minimum,gyr_z_maximum,gyr_z_mean,gyr_z_std_dev,gyr_z_skewness,gyr_z_kurtosis,gyr_z_dominant_freq,gyr_z_dominant_amplitude,COP
S1,6.728358,8.687185,7.727619297900263,0.5580008755744987,0.05519832483659913,-1.5848242574498768,0.0,5888.445905,-0.750988,-0.115709,-0.3814011640419948,0.09433944654484137,-0.520772317203983,0.9838623184535558,0.0,290.627687,-6.905141,-4.666396,-5.823394139107612,0.7370080116824083,0.14235835490883422,-1.6642632431097224,0.0,4437.426334,-0.084259,0.091805,-0.0061727910643889616,0.02809333256710612,0.40488309369177966,1.1939883743770157,0.003942181340341655,4.952484723776843,-0.209961,0.279728,0.012370676741130087,0.08715333813683063,0.6800666007128299,1.165293688311932,0.001314060446780552,35.14621202313725,-0.065934,0.074769,0.0024479369250985546,0.020252134256567043,-0.2910468968784986,1.0105715035425522,0.001314060446780552,3.378056569243053,0.07185392777884969
S1,7.369475,8.854387,7.967162359030837,0.4035819554930125,0.8235552936269005,-0.7041713382286297,0.0,3617.0917109999996,-0.681533,-0.141755,-0.44365955066079293,0.08899253776065956,0.5025663664403248,1.0154436032396097,0.0,201.42143599999997,-6.279741,-4.275559,-5.517905072687224,0.5730305146020437,0.9389043432944499,-0.5179898623159787,0.0,2505.128903,-0.076098,0.11082,-0.003794982378854626,0.02747380730282414,0.6443977921395839,2.4886218501669566,0.011013215859030838,3.8116007261173945,-0.289531,0.250227,-0.0076351894273127725,0.10806185642058615,-0.3405019685819499,0.6151136445320096,0.0022026431718061676,23.72432783319204,-0.046961,0.048101,6.9471365638766305e-06,0.015086412183961955,0.10951397502618383,1.0296747136772444,0.03524229074889868,1.6315235625073377,0.08348360267902333
S2,7.336095,9.647737,8.423389011574075,0.4103068274762401,0.7405535564346493,0.039824291989998706,0.0,3638.904053,-1.381028,-0.737816,-1.027006673611111,0.11736167449245434,-0.3915839727655718,0.06226914268995998,0.0,443.666883,-5.622757,-2.709965,-4.6818044490740744,0.7527876643740008,1.2121578093727292,0.1116247636353851,0.0,2022.5395219999998,-0.137456,0.085718,-0.004523738425925925,0.0400662503903484,-0.7974356627653788,0.680481413356067,0.0023148148148148147,5.457140317885641,-0.354466,0.230292,-0.014643298611111109,0.12044381841827802,-0.48437084008038145,-0.03370998067231579,0.0023148148148148147,24.007779677802553,-0.071622,0.096748,-0.005086511574074075,0.02156591279565608,1.077989476287713,4.043869625155077,0.0,2.197373,0.10135496723281634
S2,8.187823,9.441766,8.986053120040692,0.2917446270029553,-0.7864766473297441,-0.5995006423546885,0.0,8833.290216999998,-1.403182,-0.8896,-1.206814996948118,0.08229088174631215,1.2361821279123038,1.9726715635416658,0.0,1186.2991419999998,-4.771178,-2.62569,-3.4136931515768056,0.6896703819941181,-0.48032498007505015,-1.3159839555099688,0.0,3355.6603679999994,-0.082239,0.079389,0.0005125239064089522,0.019307885419166494,0.024122465097156154,2.8276509782469192,0.009155645981688708,4.316654312435511,-0.140195,0.250318,-0.0032591770091556465,0.0533653613800871,1.5042376254974683,4.244794386851724,0.001017293997965412,22.229513331728636,-0.038525,0.062303,-0.002533824008138352,0.010929823709759876,0.6126767198656031,4.453739535275774,0.0,2.4907489999999997,0.10411533972917231
S3,7.705826,9.653426,8.558772613566289,0.4855818282328335,-0.37162191225826197,-1.5348163562137114,0.0,8327.685753000002,-0.649649,0.376317,-0.06458108221993833,0.1458188085564847,0.11828902405509865,0.09767342339746987,0.0010277492291880781,72.29158658410455,-5.939798,-3.385659,-4.496157480986639,0.8503198250196858,-0.40567545949888634,-1.6294773128503388,0.0,4374.761229,-0.174369,0.1938,-0.00862532785200411,0.03657995678726316,0.5255078017414848,9.207918888842139,0.011305241521068859,10.05785536257602,-0.216261,0.258833,0.007097907502569371,0.09042589864808909,0.135915664240275,0.4953040451176358,0.0010277492291880781,42.388743552368545,-0.077458,0.096879,0.0009220760534429591,0.019786911249111572,1.4551682507026376,5.7857832131053435,0.0010277492291880781,4.373577575365509,0.13210455974222757
S3,7.729626,9.087902,8.23255807857143,0.41064377263822655,0.7901744375319211,-0.8132118454772406,0.0,4610.232524,-0.240101,0.23067,-0.03964745,0.08859123558415165,0.26258221381473046,-0.46743816545020156,0.0017857142857142857,27.167625608327718,-5.870642,-3.521128,-5.098942048214285,0.7069689212818265,0.9315623826692431,-0.535467437485571,0.0,2855.407547,-0.101216,0.02635,-0.007412344642857141,0.02656053236699218,-1.775014379519507,2.782882230779294,0.005357142857142857,5.724417810383823,-0.145028,0.275229,-0.0030142678571428556,0.10560964266038769,1.0056688794441744,0.28620541297475555,0.0017857142857142857,29.472410912261452,-0.026674,0.086715,-0.0007009803571428568,0.021215590180483607,1.8698024782613987,3.2855086364062176,0.0017857142857142857,4.435075517907158,0.13297151350513992
S4,8.625513,9.917926,9.281227306553912,0.26276020018751256,-0.1390514394107094,-0.891780884362197,0.0,4390.0205160000005,-0.637524,0.046404,-0.30659794714587735,0.12355501509078483,0.16913407287549442,-0.09235908749857202,0.0,145.020829,-3.80374,-1.416504,-2.766842202959831,0.7021124455071078,0.46857035644912187,-1.3532418815078748,0.0,1308.716362,-0.107971,0.118338,0.005220156448202958,0.036361373738418676,0.25452776288706613,1.2046216279502957,0.0021141649048625794,4.881082818672648,-0.293162,0.242022,-0.0035555158562367854,0.10569860743560695,-0.0283123606015855,0.9919145601234809,0.0021141649048625794,26.470957126479977,-0.055097,0.038171,-0.0027742515856236786,0.017041743549213614,-0.3971445159927211,0.38503616175838706,0.004228329809725159,1.9973105539499272,0.05606674455492244
S4,7.037316,10.966495,9.130468288343558,0.40829620942158334,-0.3437037605404471,4.626922841992386,0.0,4464.798993,-0.630639,0.988395,-0.10295033537832311,0.20287664565657304,0.7796101262476057,3.478542037215763,0.0,50.342714,-4.8809,-0.62525,-3.1722808241308798,0.903647475115998,1.057871445864787,-0.11594248420687547,0.0,1551.245323,-0.201463,0.218382,-0.004992456032719836,0.053630943163372004,0.36545082458691286,2.680172852265593,0.006134969325153375,6.211303706343763,-0.394596,0.343329,-0.019666251533742327,0.1349126615227943,0.18537490689657893,1.0163449716083512,0.002044989775051125,30.01362412275168,-0.163342,0.094904,-0.00453517791411043,0.02981147417713142,-1.180758973194202,6.220920657175601,0.07770961145194274,2.8991343140945802,0.0702950542448213
S5,8.379874,9.513018,8.987418201101928,0.280770579714777,-0.18515270756918484,-1.5866373777742462,0.0,6524.865614,-0.146845,0.314346,0.11855017906336088,0.0832848145916477,0.004631065433502904,-0.7567351809993847,0.0,86.06743,-4.563111,-2.742148,-3.6098117548209365,0.6413222160580505,-0.05596633099857162,-1.7874965585641023,0.0,2620.7233340000002,-0.044548,0.040487,-0.0009488236914600552,0.0163741413462448,-0.15961730402529276,0.2724084814202956,0.009641873278236915,2.9136943727430467,-0.215629,0.295125,0.004198758953168049,0.08547973595764503,1.066996053291813,2.893442290037946,0.0013774104683195593,29.001614863689422,-0.032398,0.046077,-0.0020574655647382927,0.01247724674816823,1.2956991366961501,3.5375227134170704,0.0013774104683195593,3.607741062203315,0.08794078354804447
S5,8.624465,9.451645,9.01504396681416,0.21709479363960946,0.41668798028223136,-0.9651634110064187,0.0,4074.799873000001,-0.200433,0.324076,0.12030305530973451,0.09269776991650668,-0.9226977940595164,0.58855941951325,0.0,54.376981,-4.234993,-2.549199,-3.575895280973451,0.4901511587842487,0.6456951039411665,-0.8812170382250284,0.0,1616.3046669999999,-0.058573,0.056699,-0.0009186659292035398,0.021989915041270524,0.14763562899691557,-0.5360501296318878,0.008849557522123894,3.9975243317441707,-0.139723,0.199764,0.0008038960176991215,0.08568144751844547,0.7623875596578961,-0.09572813303682581,0.0022123893805309734,19.662575873305258,-0.030537,0.047136,-0.0019129734513274343,0.013354859205321938,0.7039296673047476,0.8336177812980403,0.0022123893805309734,2.4303712946716347,0.09213234559925843
S6,8.152646,9.282946,8.72058642161017,0.1960489125929797,0.061978156528742834,0.049998695109370495,0.0,4116.116791,-0.112267,0.235011,0.08409716737288134,0.06067349570290612,-0.14633629649901825,0.041905901683057856,0.0,39.69386299999999,-4.679868,-3.369343,-4.252851258474576,0.33105157908629534,0.9199487818739486,-0.31545651508273176,0.0,2007.3457940000003,-0.062083,0.061876,0.006615103813559321,0.025129777478495735,-0.2786386362297053,-0.4016273122932339,0.00211864406779661,5.969068371469797,-0.13769,0.19898,-0.0007192648305084728,0.0680646500276947,0.5845065886364385,-0.0342598777235299,0.00211864406779661,13.953594519724534,-0.038506,0.031535,-0.005705165254237288,0.014128268047706158,0.20225174005826715,-0.16080952817149274,0.0,2.692838000000001,0.08959259295973854
S6,8.186476,9.726923,8.8242723,0.2627322044514591,0.6931909978924882,0.491665031712162,0.0,3264.9807510000005,-0.26465,0.328267,0.0637301864864865,0.1079911467821955,-0.3343586155779267,0.14951830437004743,0.0,23.580168999999998,-4.583918,-2.839445,-4.010938413513513,0.4695467543289084,0.9488734954507004,-0.425829077931958,0.0,1484.047213,-0.099714,0.108054,-0.009504872972972972,0.04567137399437372,0.6392606240098785,-0.14315306278015738,0.008108108108108109,8.36398440861594,-0.240308,0.435622,0.003935648648648652,0.11323339513914614,1.00050320475124,2.332430306128895,0.002702702702702703,17.662603435206403,-0.060745,0.071712,0.00189814054054054,0.020574441196130708,-0.2660049850961067,1.4282263675024298,0.008108108108108109,2.515975552610272,0.10196361968222767
S7,9.078172,9.230854,9.150770522352941,0.022716713474969622,-0.05503443021924259,0.23837885472247722,0.0,3889.077472,-0.101788,0.062869,-0.023152070588235294,0.025192699151583092,-0.21731430128739743,0.22776429383847407,0.0,9.83963,-3.341052,-3.206033,-3.2631074070588233,0.025881545741480484,-0.0674533255934872,-0.39919867203936654,0.0,1386.8206480000001,-0.02011,0.014187,-0.0020597652582159624,0.005893229331145405,-0.44357156947411336,0.27440662053649545,0.0,0.8774600000000001,-0.022406,0.031756,0.00423581924882629,0.00765603446993933,-0.47735965821311105,1.1795131996333863,0.0,1.8044589999999998,-0.010677,0.010987,-0.001704769953051643,0.0037530356978460544,0.16844234832437657,0.07464860407696605,0.0,0.7262320000000001,0.06858769795276931
S7,8.909024,9.026829,8.976562640591968,0.02221418088977402,-0.2216526866319519,-0.30592029858482084,0.0,4245.914129,-0.023501,0.075892,0.019500997885835095,0.017462456975002375,0.16735651220398018,0.03156415716564975,0.0,9.223972000000002,-3.815116,-3.647315,-3.718868167019028,0.032530767988070246,-0.44837885093094726,-0.418289989157107,0.0,1759.0246429999997,-0.008879,0.010367,-0.0005394080338266384,0.003597686414131566,0.4172740572586729,0.07776063124719279,0.010570824524312896,0.42527276499259026,-0.006323,0.017756,0.004829067653276956,0.004622319088739461,0.37854483077178114,-0.20608792881714466,0.0,2.284149,-0.007302,0.004499,-0.0018374101479915433,0.001969780368484337,0.12562450441815534,-0.22897036310187602,0.0,0.8690950000000001,0.08125401072030736
S8,7.472611,9.097482,8.14908719120879,0.3497913821470386,1.0259724380730721,0.13763241189391762,0.0,3707.834672,-0.288899,0.210612,0.001035646153846153,0.08987590685289369,-0.8444184410401743,1.4184388105661627,0.006593406593406593,15.685066347059745,-5.781727,-3.696413,-5.265475125274725,0.5275369212866432,1.3774318736829403,0.8364111305443016,0.0,2395.791182,-0.14527,0.047784,-0.013805162637362638,0.03822609666765437,-1.5361367516831745,1.772131340348869,0.0,6.281349,-0.297675,0.217771,0.004214446153846163,0.11412183884508788,-0.3650416890413791,0.1977852404631517,0.002197802197802198,22.885795614976686,-0.022596,0.051294,0.0024465032967032965,0.012684547307141223,1.1895911240682149,1.9083391193306554,0.013186813186813187,1.9702451882638854,0.080614151792465
S8,7.93919,9.158555,8.427252388758783,0.29069284441768883,1.0111512996928822,-0.01647875650299957,0.0,3598.4367699999993,-0.246837,0.134271,-0.10282108196721312,0.06046951748884425,0.5432321134802612,1.366913461665237,0.0,43.904602,-5.351072,-3.515589,-4.803588526932083,0.4988316893262975,1.3655982124952422,0.5039946568711313,0.0,2051.1323009999996,-0.041773,0.066202,-0.0032505573770491803,0.020787343034300722,0.513323719545747,0.6566213625986883,0.00936768149882904,2.7731082381817944,-0.23009,0.252079,-0.004495161592505848,0.10354822110300056,0.38956224072237017,0.5992922954852768,0.00468384074941452,20.620406835991194,-0.070906,0.030195,-0.0008588243559718968,0.011953769780171427,-1.5888776459080995,8.486485177905758,0.06323185011709602,1.0347316724529807,0.08776359953325041
S9,7.280111,9.203162,8.146354274582558,0.5103375318060972,0.4201647213773352,-1.0907694444027414,0.0,4390.884954,-0.212558,0.190254,0.0074780426716141,0.0766627145862228,-0.3703655110231308,-0.0004004633020326942,0.0018552875695732839,12.398646777103055,-6.255043,-3.72201,-5.214759844155844,0.8047017178259872,0.6308257198121658,-0.9535813068737897,0.0,2810.755556,-0.044171,0.074076,0.004364955473098331,0.02397652950782597,0.713973210149163,0.04126643633074911,0.0018552875695732839,5.840692618519835,-0.181209,0.230445,-0.013555042671614092,0.10579121046205141,0.7871216912566142,-0.2841482383627252,0.0018552875695732839,31.86821296713423,-0.050715,0.038796,-0.001975842300556586,0.014499671586051094,-0.03555622513198529,0.6101179202937694,0.0018552875695732839,2.6840028561279383,0.0782061220577619
S9,7.754025,9.226513,8.280892412350598,0.4134568589591115,0.6869240729698207,-0.9847610528499642,0.0,4157.0079909999995,-0.324675,0.21136,-0.0004416274900398385,0.08971310960033854,-0.6379736383444582,0.37009249323932103,0.00199203187250996,20.303611021924166,-5.829178,-3.587739,-5.025001468127489,0.6776452175123728,0.7996401977563236,-0.7187151971308507,0.0,2522.5507369999996,-0.03729,0.071601,0.0019924043824701195,0.023150904153737703,0.7525782292566878,0.134055902669576,0.0099601593625498,4.004816974384509,-0.235704,0.279098,-0.0064241693227091706,0.10778090942763063,0.6564184486249196,0.352140999281795,0.00199203187250996,28.512679060737707,-0.036468,0.027743,-0.00544595219123506,0.01240029651606495,-0.25861357882683406,-0.0864154690757779,0.0,2.7338679999999993,0.08984460540426176
S10,6.938671,8.78089,7.741874104212861,0.46586649801852537,0.3850563933144045,-0.9230553119305451,0.0,3491.5852209999994,-0.06751,0.51448,0.2277880620842572,0.11390537382002915,-0.2705896277776333,-0.08404669709505619,0.0,102.732416,-6.669531,-4.334836,-5.81639322172949,0.6235333032013997,0.5897703526518612,-0.6806702291046558,0.0,2623.1933430000004,-0.058067,0.066797,0.0014109911308203987,0.025301671509999513,-0.06442458939948754,-0.2588565903234925,0.0066518847006651885,3.0777211083558638,-0.14884,0.273965,-0.007738906873614191,0.12308481478321351,1.036198975160997,-0.34003709210800537,0.0022172949002217295,28.571726287758153,-0.046651,0.054462,-0.006597529933481153,0.01735859387727947,0.9461550899290863,1.2282198852007333,0.0022172949002217295,3.817810537305245,0.08673071154033729
S10,7.097042,9.021739,7.84123091966759,0.509555638880842,0.5372551586047954,-0.6320670576887153,0.0,2830.684362,0.04341,0.723146,0.4069202520775623,0.14513472205515793,-0.5202854297401406,0.10654502197066495,0.0,146.898211,-6.634054,-3.704347,-5.642170094182825,0.728333591388518,0.7766281462363607,-0.2727750224947676,0.0,2036.8234039999998,-0.067568,0.080886,-0.01145071191135734,0.027934787006926146,0.9079259745678903,0.7965483436564393,0.0,4.133706999999999,-0.262418,0.300533,-0.02392483379501385,0.15747507623869694,0.6973548990808152,-0.7783267339610278,0.002770083102493075,30.960147723323466,-0.035035,0.067667,-0.0038209916897506925,0.025133354418590576,1.0501396770120839,0.07155726910150362,0.00554016620498615,3.809900885826093,0.08918536256552201
S11,7.336095,8.479866,7.733984402352941,0.1934267966691024,1.309752607226817,2.911627885791601,0.0,3286.9433709999994,-0.24025,0.327818,-0.052456915294117654,0.08308550195338885,1.9104728060297325,5.581042406216119,0.0,22.294188999999996,-6.252348,-5.016518,-5.874996985882353,0.22860716623608957,1.981825890970757,3.7483236970701066,0.0,2496.873719,-0.036838,0.166198,0.010873990588235292,0.03255575938605551,2.371964268921294,6.491711548611871,0.002352941176470588,4.911003783501978,-0.195239,0.250415,0.0018366752941176442,0.07781338183798549,0.5717078997144897,2.148030418872068,0.007058823529411764,11.105618426336363,-0.068472,0.035352,-0.006344651764705883,0.01309058706328578,-0.9530751719965708,3.6659975859128737,0.0,2.6964770000000007,0.06760379593316523
S11,7.485184,8.972641,7.872751132467532,0.29689696262110205,1.8629403504669295,3.1680875221464317,0.0,3031.009186,-0.27393,0.436941,-0.056270940259740256,0.08360316878388857,1.9773454916033295,8.050166277793556,0.0,21.664312000000002,-6.083499,-4.263883,-5.688195096103897,0.39867650331867416,1.8841298945717981,2.90114368567197,0.0,2189.955112,-0.054872,0.105144,0.006064820779220779,0.026868455250119834,0.8189617020013319,1.285763200139467,0.015584415584415584,2.836413491848536,-0.207107,0.178302,-0.012911545454545455,0.08564767847285906,-0.25762810342228337,-0.3295118359259397,0.0025974025974025974,14.861926773311819,-0.042879,0.040644,-0.002368181818181818,0.014700475715912997,0.10145439050479685,0.2756611455047415,0.015584415584415584,1.5970167600962102,0.0691572443175934
S12,7.178772,8.29545,7.602232895486936,0.21933630336031926,0.9216487077567158,0.30981833401527803,0.0,3200.5400489999997,-0.387544,0.331561,0.02450487885985748,0.08861998502574835,-0.38575972108528744,3.980334326028779,0.0,10.316554,-6.404582,-5.216502,-6.061312672209026,0.2635222226280193,1.4283426013150935,1.1755064205822343,0.0,2551.812635,-0.072024,0.036422,-0.006019410926365795,0.019914598736432487,-0.7319993713205954,0.6514318463600524,0.0023752969121140144,2.9341519971751286,-0.134068,0.124125,0.005320736342042756,0.0533707749141556,0.07745916456213858,0.08884347405389148,0.004750593824228029,11.244500627276533,-0.058235,0.07562,-0.00048719239904988093,0.018679166607251673,0.6021795655030452,2.326658292908074,0.035629453681710214,1.842473223700858,0.07867281321139097
S12,7.358698,8.571326,7.811795783739838,0.24227571607704587,0.5448875970350519,-0.5249861418348982,0.0,4804.254406999999,-0.263752,0.375719,0.05861104878048781,0.09965551524836853,-0.0972564697762113,0.5437875132411496,0.0,36.045795,-6.219417,-4.796476,-5.786583790243903,0.2957198410680443,0.8105468871880693,-0.2839514516663235,0.0,3558.7490310000003,-0.081082,0.069177,-0.003735094308943089,0.024438687094572014,-0.13846711115211108,0.6292664201647122,0.014634146341463414,3.9785139664658566,-0.127826,0.142535,0.003912229268292681,0.04620571198330172,0.23029085913619915,1.562648953299771,0.0016260162601626016,11.956752878278872,-0.054448,0.046795,-0.0026278292682926827,0.01716523326297758,0.00029344747415237406,0.579157814755844,0.04715447154471545,2.6845184171495426,0.07905561152573504
S13,8.047565,9.152118,8.48621165258216,0.256243504179032,0.5521729660833178,-0.6520756592291801,0.0,3615.126164,-1.277444,-0.69231,-0.9618487699530516,0.10900189031446095,-0.12282146377068989,-0.46173136656816416,0.0,409.74757599999987,-5.248685,-3.633245,-4.583827046948357,0.402352292047241,0.7162956814149518,-0.6373222876329687,0.0,1952.7103220000001,-0.041558,0.047252,0.0017903512880562062,0.016524245904061804,-0.029496926695253535,-0.17144345385255644,0.00936768149882904,2.590938959095902,-0.148207,0.208474,0.0020164121779859528,0.08370181254362373,0.5923268988532483,-0.4024427446853265,0.00234192037470726,17.620633559828676,-0.045528,0.047428,-5.6454332552692596e-05,0.015228141044957398,0.1313160356010865,0.6721101907668312,0.00936768149882904,1.947173523426706,0.10445537402999772
S13,7.671248,9.148675,8.441217713178295,0.3310162934103116,0.2824696666520066,-0.8614521361573964,0.0,3266.7512549999997,-1.474135,-0.559237,-0.9763305813953488,0.1227513041262275,-0.522136164168759,1.436170638260399,0.0,377.839935,-5.613177,-3.637735,-4.664557754521964,0.5091331777687249,0.4638002655399301,-0.9566982012025678,0.0,1805.1838509999998,-0.076349,0.063524,-0.009074754521963824,0.021952010150363382,0.5398643648913173,1.3488975446092475,0.0,3.5119299999999996,-0.157363,0.254919,0.0022150904392764883,0.10194847971859225,0.6608193671927446,-0.5316386835637057,0.002583979328165375,23.15241574273069,-0.062342,0.047092,0.003971821705426357,0.015119584971883808,-0.5215548635304507,2.088949470238817,0.002583979328165375,1.724895906270197,0.10689003737831437
S14,7.885452,10.211765,8.630568109970673,0.31250597343777586,0.5523276471853534,2.1607463293371962,0.0,5886.047451,-1.129401,-0.416584,-0.7767492551319649,0.11242840764194775,0.27999107482021285,0.5377320450634788,0.0,529.742992,-5.070107,-3.324586,-4.375542203812317,0.3479201981735339,0.5524258066063856,-0.5048393691653166,0.0,2984.119783,-0.133684,0.139587,0.0005792712609970671,0.0463204221517087,0.06536335490243748,0.7907929911102634,0.007331378299120235,11.23229501514985,-0.144902,0.289397,0.004157489736070379,0.05934486249133253,1.5405011039016625,5.647540317273645,0.001466275659824047,11.975877827166585,-0.063151,0.067229,-0.0024789501466275657,0.022544172821052227,0.25106366187847473,0.5933083321919108,0.007331378299120235,4.830716421607916,0.09580033136064181
S14,8.239616,9.786649,8.881064216517856,0.25863079167886893,0.23629056721329944,0.16800281812379225,0.0,3978.7167690000006,-1.050515,-0.505648,-0.7414760602678572,0.10263466065586668,-0.02914238589123985,-0.20056241586402823,0.0,332.181275,-4.485123,-3.053949,-3.8713225424107143,0.3358524294094119,0.841315825215401,-0.1414677191085012,0.0,1734.352499,-0.076563,0.056998,-0.009985988839285713,0.02407709024320201,0.33617281661376414,0.5241687809409923,0.0,4.473723000000001,-0.113923,0.201819,-0.002642426339285718,0.05920827140991592,0.46919549888455997,0.3640694238235129,0.004464285714285714,12.44153586327356,-0.048838,0.031965,0.0005606473214285714,0.014716923724141033,-0.48308781584189014,0.2669710203258133,0.004464285714285714,1.6810945506887374,0.1007584185237056
S15,5.571264,8.807535,6.589801924657534,0.7901841580224678,1.3200582917673545,0.5227602634437845,0.0,2886.3332429999996,-0.988694,0.021256,-0.3461941324200913,0.13427964876122442,-0.8139278203831496,3.3667778942600037,0.0,151.63303000000002,-8.047415,-4.867578,-7.077505173515982,0.7904617226312853,1.4748135169631822,0.9446834254999255,0.0,3099.947266,-0.072582,0.201529,0.000656673515981736,0.044901670350411337,1.2885009760020754,2.8438079672386714,0.0136986301369863,6.177481294449599,-0.453001,0.683143,0.00871060045662101,0.22832857226045267,0.9938680207056629,1.5197009185128287,0.0045662100456621,47.801375188642005,-0.194663,0.119821,-0.001422611872146119,0.04097660927057707,-0.8460208011587945,3.7177622241661012,0.01598173515981735,5.530114133965961,0.09878842192018233
S15,6.069878,10.47372,7.226830776902888,0.7790986657102924,1.399979805930886,1.3880448236351546,0.0,2753.4225259999994,-1.312321,0.251926,-0.2556836719160105,0.1915259746511244,-1.4333573537875879,5.846060829808815,0.0,97.41547899999998,-7.342381,-3.83727,-6.4293348713910765,0.8839040011292109,1.351934390387399,0.5150142508067108,0.0,2449.5765859999997,-0.079414,0.099924,0.008899556430446192,0.03333392685956823,0.07878469973932327,0.29586273803100394,0.0026246719160104987,4.338383818686813,-0.436656,0.68667,-0.00047059842519685784,0.19986171160752206,0.7196554988572921,1.4013055385254214,0.0026246719160104987,33.60010581146762,-0.103523,0.141185,-0.003108167979002625,0.033207207380930574,0.8104180237717207,2.7808057381649487,0.05511811023622047,3.0926623305195036,0.11494078937669527
S16,7.645351,8.766969,8.047956944289693,0.3086206192589339,0.847025295806849,-0.4713884934275723,0.0,2889.2165429999995,-0.65893,-0.27872,-0.39813115598885795,0.06585226676698305,-0.9968915323254414,1.3348088254825097,0.0,142.929085,-5.924081,-4.322861,-5.405936846796657,0.45906725193796294,0.850188075706052,-0.5941124039700991,0.0,1940.7313279999996,-0.031131,0.067792,0.004122813370473538,0.021507643398310076,0.9922460181479138,0.5403809519970229,0.002785515320334262,3.241859689406242,-0.150705,0.189273,-0.004546242339832866,0.10087921957012742,0.3492093466172476,-1.0739825694578835,0.002785515320334262,20.87755872696886,-0.034747,0.020074,-0.004035610027855153,0.008589142890980849,0.07073455880680457,1.3092813502380123,0.0,1.4487839999999998,0.07834518491270581
S16,7.899972,8.966055,8.215360788944723,0.26990656256101286,1.1936239715140509,0.3320524221208361,0.0,3269.713594,-0.694107,-0.310155,-0.44275740703517585,0.07631749646806953,-0.9569828603884396,0.479660056201729,0.0,176.217448,-5.594017,-3.870352,-5.143312329145728,0.45280871337090484,1.2900327328100178,0.6174033727160655,0.0,2047.038307,-0.032766,0.068665,0.0022296256281407042,0.021350798243043752,0.7709231913494401,0.10702308006754535,0.002512562814070352,3.1311167436781275,-0.176351,0.188483,-0.008630896984924625,0.08650984441881279,0.29535867496219376,-0.5264315228529277,0.002512562814070352,18.68826845697691,-0.031189,0.015757,-0.005352469849246231,0.010309398362773803,-0.16931449127854,-0.6849197678164285,0.0,2.130283,0.08855101123562259
S17,7.348219,8.827443,7.89306525210084,0.27809727360186437,0.9465313909108735,0.848963396742251,0.0,2817.8242949999994,-0.338147,0.410297,0.05554414005602241,0.14940758671929516,-0.21361839632915308,-0.14661798080892208,0.0,19.829258000000003,-6.335575,-4.662055,-5.640604742296919,0.3397054462334033,0.764673108756744,-0.09341292976582105,0.0,2013.6958929999998,-0.08372,0.060209,-0.008160089635854342,0.02546710898301213,-0.031809534135931725,-0.2051019467074915,0.0056022408963585435,3.5733430908145194,-0.22363,0.264045,0.00405373389355742,0.09957692817615542,0.45806485040812034,-0.09387292465427022,0.0028011204481792717,12.586135939533728,-0.063749,0.077243,0.0018403305322128838,0.027068919196752743,0.21568713883019944,-0.039824475609483656,0.0056022408963585435,3.8479796858753734,0.08583299492526875
S17,7.633676,8.885073,8.151031954441914,0.23127229310833358,0.6331399299720388,0.0526726731845244,0.0,3578.303028,-0.36569,0.457898,-0.0028147699316628683,0.1305629057357208,0.13966685087692826,0.13744572777742858,0.002277904328018223,22.452769693642658,-5.733976,-4.338877,-5.2724274829157185,0.32658484065065924,1.1550694840147049,0.34206705426365236,0.0,2314.595665,-0.090011,0.05876,-0.008823576309794988,0.027028919280016498,-0.6742392495699793,0.24248245897920828,0.002277904328018223,4.4093625777296035,-0.15371,0.190684,-0.0025492642369020517,0.06736345825800487,0.3333551098349636,-0.033301809372933366,0.002277904328018223,12.153969134008605,-0.057119,0.043095,-0.0013871753986332575,0.016655096569338924,-0.11982052821196568,0.37999455386160585,0.03416856492027335,1.7075072984686326,0.09757859628241394
S18,8.37688,9.333092,8.847771502551021,0.2028178586959749,0.2939597220479536,-0.6426830025040107,0.0,3468.3264289999997,1.153202,1.537603,1.363458418367347,0.082574080955686,-0.4708692026014986,-0.33171820978420197,0.0,534.4757,-4.432582,-2.649341,-3.727480163265306,0.42439546982216886,0.6115406736522355,-0.6250992998435847,0.0,1461.172224,-0.099881,0.083253,-0.010586676020408163,0.03815248966002009,0.21491744565256052,-0.19812625945485385,0.01020408163265306,4.289492264786696,-0.131222,0.304875,0.0032003826530612248,0.11267318118734475,1.4388385931175107,0.9513602579330818,0.002551020408163265,19.551171053799326,-0.032838,0.057146,-0.0012781249999999997,0.016898201205506384,1.2057537675042531,1.479677202400305,0.002551020408163265,2.6454738110726144,0.051305869890663325
S18,8.594677,9.4012,8.925911055401663,0.1630853659673779,0.7430361701089663,0.1861813971671058,0.0,3222.2538910000003,1.134191,1.624123,1.4635074515235458,0.08404750953067823,-0.8446568392592749,0.9664629659862793,0.0,528.32619,-3.954028,-2.43798,-3.4915777451523544,0.3550987398358008,1.1964388353656445,0.7785224281938148,0.0,1260.459566,-0.071521,0.10316,-0.004712091412742382,0.030032818734491817,0.9169380785972654,1.9533000283879067,0.0110803324099723,3.542480247245686,-0.199772,0.222377,-0.008126476454293636,0.09596432098867165,0.7795456816244803,0.27969548764212115,0.00554016620498615,14.447385340736114,-0.03353,0.046733,-0.001238800554016621,0.014894841695816848,0.8185914149854461,0.967498449567123,0.002770083102493075,2.1769907844568093,0.06588016178338596
S19,5.78038,7.66032,6.519781581538463,0.45179141143578544,0.7680097056636334,-0.36281073759959703,0.0,2118.9290140000003,0.002096,0.674946,0.33380862461538463,0.1307606483864982,-0.13206916415993583,-0.3623851021928717,0.0,108.487803,-7.966583,-6.038293,-7.206657036923078,0.42214580492476633,0.649363303991079,-0.178418823602156,0.0,2342.163537,-0.075375,0.061949,-0.004287092307692307,0.031950513952628865,-0.04340034413979343,-1.0176821399311966,0.01846153846153846,2.9843745064797584,-0.242287,0.1701,-0.011011981538461538,0.11287267791122663,0.0016828651526767532,-1.2319309340434825,0.003076923076923077,21.570077326742716,-0.06137,0.083188,-0.0032490461538461535,0.027018096549561808,0.4214213355904961,0.08523502835456043,0.015384615384615385,2.8474068294441848,0.0909134671935855
S19,5.997129,7.965087,6.69449029580574,0.5573545300230682,0.8985879650446088,-0.8306740540053172,0.0,3032.604104,-0.058828,0.681084,0.36431028918322295,0.14423749991882945,-0.46474777291180647,-0.5644905289496105,0.0,165.032561,-7.983199,-5.956713,-7.026023434878587,0.5412915781359158,0.8363815450008089,-0.726512107409718,0.0,3182.7886159999994,-0.103808,0.05738,-0.004540547461368653,0.028150687772773048,-0.6747820652891812,1.510801904511868,0.013245033112582781,2.889210247437349,-0.261501,0.30065,-0.007373671081677708,0.10829129819419493,0.045649790978630776,0.5018839705317508,0.002207505518763797,24.908759464942758,-0.087892,0.108628,-0.002291955849889625,0.02938947268536321,0.17205901169491292,2.4121240081849065,0.002207505518763797,3.770991616603319,0.09395329722265977
S20,7.573501,8.762927,8.006375228373702,0.24489640977674368,1.3112337174358375,0.778658947755039,0.0,4627.684882,-0.244442,0.160017,-0.00016420415224913888,0.0818604619451181,-1.0555658736380744,0.25551485539352337,0.0017301038062283738,22.644232301323733,-5.861511,-4.420458,-5.515129937716262,0.34956510793208934,1.4982252489452488,1.2181936949572059,0.0,3187.745104,-0.066157,0.029887,-0.008054185121107267,0.018696353349253025,-0.603893339361461,0.22290424822655464,0.0,4.6553189999999995,-0.202889,0.162944,-0.003153622837370239,0.07368190958420766,-0.49528799642139104,0.9589912556088045,0.0034602076124567475,18.121549003797575,-0.035465,0.033034,-0.0007082214532871973,0.01093476064230152,-0.21521820414678064,1.1455507840982158,0.0034602076124567475,2.0644443603286864,0.06995357924650136
S20,7.94907,9.097931,8.386540569536423,0.1818472771156689,1.1731117880923891,1.2812014357622061,0.0,3799.1028779999997,-0.246537,0.085472,-0.08163058498896247,0.057919287571745345,-0.3464665485429279,0.08590167499449297,0.0,36.978655,-5.207072,-4.065845,-4.899248397350993,0.28765067117457327,1.4372641041629406,0.931193390702425,0.0,2219.359524,-0.06261,0.052108,-0.007075150110375275,0.019589656940205438,-0.18698756967398497,1.3435840153135876,0.004415011037527594,3.292145605561567,-0.100265,0.144016,0.0010047947019867533,0.058352160687257126,0.38615325823645413,-0.2697025702811202,0.004415011037527594,11.841669294332599,-0.023905,0.034932,0.0008295849889624724,0.009358446570942749,0.5377677728586266,0.7070640960995038,0.002207505518763797,1.1695192378127908,0.08210879173912267
